{"cameraMode":{"drawMode":0,"name":"Shaded","section":"Shading Mode"},"sceneLighting":true,"audioPlay":false,"sceneViewState":{"m_AlwaysRefresh":false,"showFog":true,"showSkybox":true,"showFlares":true,"showImageEffects":true,"showParticleSystems":true,"showVisualEffectGraphs":true,"m_FxEnabled":true},"in2DMode":false,"pivot":{"x":-2.6076300144195558,"y":0.8262692093849182,"z":-15.175249099731446},"rotation":{"x":-0.0013284130254760385,"y":0.9882340431213379,"z":-0.15270404517650605,"w":-0.008596847765147686},"size":2.9521069526672365,"orthographic":false}